{"cameraMode":{"drawMode":0,"name":"Shaded","section":"Shading Mode"},"sceneLighting":true,"audioPlay":false,"sceneViewState":{"m_AlwaysRefresh":false,"showFog":true,"showSkybox":true,"showFlares":true,"showImageEffects":true,"showParticleSystems":true,"showVisualEffectGraphs":true,"m_FxEnabled":true},"in2DMode":false,"pivot":{"x":0.10024881362915039,"y":0.8013710975646973,"z":0.6548433303833008},"rotation":{"x":-0.2538676857948303,"y":0.17922265827655793,"z":-0.04791897162795067,"w":-0.9492965936660767},"size":2.999476909637451,"orthographic":false}